run_name,run_id,seed,env_id,num_envs,num_steps,ent_coef,use_baseline,batch_size,final_return_last100,max_return_last100,eval_mean_return,eval_std_return,sps_median,final_entropy
CartPole-v1__empty__1__20260928_150112,7zz8i4sv,1,CartPole-v1,1,5,0.01,True,5,404.8,445.1,462.3,113.09999999999998,1088,0.667
CartPole-v1__empty__2__20260928_150112,tdw48yei,2,CartPole-v1,1,5,0.01,True,5,381.4,452.5,255.6,153.45566134880784,1088,0.667
CartPole-v1__empty__1__20260928_150625,abqwmzce,1,CartPole-v1,1,40,0.01,True,40,397.8,492.7,454,138,5493,0.622
CartPole-v1__empty__2__20260928_150627,vm06tqa6,2,CartPole-v1,1,40,0.01,True,40,411.8,448.7,297.7,199.16628730786744,5458,0.601
CartPole-v1__empty__1__20260928_150803,jj88rgp5,1,CartPole-v1,8,1,0.01,True,8,370.2,500,500,0,10922,0.501
CartPole-v1__empty__2__20260928_150101,agglp2k7,2,CartPole-v1,8,1,0.01,True,8,367.7,500,500,0,2578,0.421
CartPole-v1__empty__1__20260928_150232,4223izo4,1,CartPole-v1,8,5,0,True,40,500,500,500,0,6236,0.4
CartPole-v1__empty__2__20260928_150232,dsyhmjsz,2,CartPole-v1,8,5,0,True,40,493.2,500,500,0,6237,0.22
CartPole-v1__empty__1__20260928_143457,5vukxjqp,1,CartPole-v1,8,5,0.01,True,40,470.8,493.2,500,0,22021,0.56
CartPole-v1__empty__2__20260928_143612,q77wk364,2,CartPole-v1,8,5,0.01,True,40,487.0,489.7,481.9,54.3,4078,0.595
CartPole-v1__empty__1__20260928_150410,kiwifws0,1,CartPole-v1,8,5,0.01,False,40,64.4,480.0,56.8,11.142710621747296,10855,0.0
CartPole-v1__empty__2__20260928_150410,9ogc2rkl,2,CartPole-v1,8,5,0.01,False,40,96.3,269.3,95.4,20.57765778702717,10900,0.016
CartPole-v1__empty__1__20260928_150237,34521kv7,1,CartPole-v1,8,5,0.1,True,40,390.9,396.1,357.1,154.7316709662246,6151,0.611
CartPole-v1__empty__2__20260928_150237,ue9iv084,2,CartPole-v1,8,5,0.1,True,40,316.7,372.5,424.9,100.20024950068738,6212,0.566
CartPole-v1__empty__1__20260928_150101,immov8y6,1,CartPole-v1,8,32,0.01,True,256,287.6,485.1,180.1,19.485635735074183,6390,0.495
CartPole-v1__empty__2__20260928_150101,dfms8aic,2,CartPole-v1,8,32,0.01,True,256,493.7,495.4,500,0,6366,0.523
CartPole-v1__empty__1__20260928_150101,tqwv3nh9,1,CartPole-v1,8,128,0.01,True,1024,367.0,437.0,370.7,109.25296334653812,6733,0.509
CartPole-v1__empty__2__20260928_150101,9g7tdlj1,2,CartPole-v1,8,128,0.01,True,1024,426.8,433.7,461.1,85.91443417726732,6643,0.52
CartPole-v1__empty__1__20260928_143612,u1gors56,1,CartPole-v1,32,5,0.01,True,160,432.6,494.9,500,0,15288,0.541
CartPole-v1__empty__2__20260928_143612,o1mbpzz8,2,CartPole-v1,32,5,0.01,True,160,449.1,475.8,374.7,156.92931529832148,15636,0.592
CartPole-v1__empty__1__20260928_143754,jikj7s7y,1,CartPole-v1,64,5,0.01,True,320,241.8,491.6,266.6,42.960912467032166,8456,0.567
CartPole-v1__empty__2__20260928_143754,enq07wm0,2,CartPole-v1,64,5,0.01,True,320,136.9,225.2,166.8,14.905032707109369,8482,0.508
LunarLander-v3__empty__1__20260928_150925,k2bhpl5y,1,LunarLander-v3,16,16,0.01,True,256,-125.9,4.2,-112.33886083078964,36.958622638551866,19019,0.717
LunarLander-v3__empty__1__20260928_154555,btlczc9n,1,LunarLander-v3,16,32,0,True,512,-42.1,14.2,-53.683383893820135,68.21299424441523,12827,0.902
LunarLander-v3__empty__1__20260928_153412,5cwt3mu4,1,LunarLander-v3,16,32,0.001,True,512,-23.4,12.3,-8.79544251514938,83.77519476235965,14043,0.926
LunarLander-v3__empty__1__20260928_152106,cefcn6se,1,LunarLander-v3,16,32,0.01,True,512,-18.4,8.3,-59.330668307194344,93.70593661206298,14277,0.96
LunarLander-v3__empty__1__20260928_152106,f1hl02jp,1,LunarLander-v3,16,32,0.01,True,512,-92.2,39.4,-36.47200054564623,88.32580407123662,13330,0.871
LunarLander-v3__empty__1__20260928_154555,jii5nkqw,1,LunarLander-v3,16,64,0.001,True,1024,115.4,151.1,18.87800728352014,115.37845233086615,13128,0.817
LunarLander-v3__empty__1__20260928_155700,ln3ylnv2,1,LunarLander-v3,16,64,0.001,True,1024,121.2,173.6,156.48366970533723,105.98757008359884,18056,0.663
LunarLander-v3__empty__1__20260928_152818,sguhrvr1,1,LunarLander-v3,32,16,0.01,True,512,-134.6,-6.0,-130.64355234722004,23.04008844904205,21289,0.768
LunarLander-v3__empty__1__20260928_153412,vun4qfex,1,LunarLander-v3,32,32,0.001,True,1024,-42.9,4.0,-45.19239500120683,40.84859616062577,22187,0.934
